<?xml version="1.0" encoding="utf-8"?>
<resources>
    <color name="colorPrimary">#c377e0</color>
    <color name="colorPrimary2">#008577</color>
    <color name="colorPrimaryDark">#00574B</color>
    <color name="colorAccent">#D81B60</color>
    <color name="colorPurple">#6a32eb</color>
    <color name="colorMain">#c377e0</color>
    <color name="colorYellow">#CCCC00</color>
    <color name="fabPrimary">#45A1F5</color>
    <color name="fabPressed">#6EB5F7</color>
    <color name="fabRipple">#AED6FC</color>
</resources>
