<resources>

    <!-- Base application theme. -->
    <style name="AppTheme" parent="Theme.AppCompat.Light.DarkActionBar">
        <!-- Customize your theme here. -->
        <item name="colorPrimary">@color/colorPrimary</item>
        <item name="colorPrimaryDark">@color/colorPrimaryDark</item>
        <item name="colorAccent">@color/colorAccent</item>
    </style>
    <style name="title_text">
        <item name="android:textColor">#000</item>
        <item name="android:textSize">15sp</item>
        <item name="android:textStyle">bold</item>
    </style>
    <style name="content_text">
        <item name="android:textColor">#000</item>
        <item name="android:textSize">15sp</item>
    </style>
    <style name="comment_name">
        <item name="android:textColor">#808080</item>
        <item name="android:textSize">13sp</item>
        <item name="android:textStyle">bold</item>
    </style>
    <style name="comment_content">
        <item name="android:textColor">#000</item>
        <item name="android:textSize">13sp</item>
    </style>
    <style name="RatingBar" parent="Theme.AppCompat">
        <item name="colorControlNormal">@color/colorYellow</item>
        <item name="colorControlActivated">@color/colorYellow</item>
    </style>
    <style name="EditTheme" parent="Theme.AppCompat.Light.NoActionBar">
        <item name="colorAccent">@color/colorMain</item>
        <item name="colorControlNormal">@color/colorMain</item>
    </style>
    <style name="MyDialogTheme" parent="Theme.AppCompat.Light.Dialog.Alert">
        <item name="android:background">#EAEAEA</item>
        <item name="android:textColor">@color/colorMain</item>
    </style>

</resources>
